{
  "original": {
    "GCN": {
      "auc": {
        "mean": 0.7832458066393801,
        "std": 0.02552930858504334
      },
      "mrr": {
        "mean": 0.016126542943409206,
        "std": 0.0017671046597801002
      },
      "hits@1": {
        "mean": 0.0015355086372360843,
        "std": 0.0018806063284323824
      },
      "hits@10": {
        "mean": 0.008061420345489442,
        "std": 0.005996352918162498
      },
      "mean_rank": {
        "mean": 114.30345489443377,
        "std": 7.255015010100061
      }
    },
    "GraphSAGE": {
      "auc": {
        "mean": 0.8648967915679651,
        "std": 0.03967089958166636
      },
      "mrr": {
        "mean": 0.022949078693431046,
        "std": 0.010008261436033557
      },
      "hits@1": {
        "mean": 0.0011516314779270633,
        "std": 0.0023032629558541267
      },
      "hits@10": {
        "mean": 0.040499040307101726,
        "std": 0.05716548320609991
      },
      "mean_rank": {
        "mean": 89.7433781190019,
        "std": 15.444369407250424
      }
    },
    "GAT": {
      "auc": {
        "mean": 0.7876032913229762,
        "std": 0.028597977555826787
      },
      "mrr": {
        "mean": 0.01614820142337387,
        "std": 0.008887787363409873
      },
      "hits@1": {
        "mean": 0.0,
        "std": 0.0
      },
      "hits@10": {
        "mean": 0.023032629558541268,
        "std": 0.02820909492648574
      },
      "mean_rank": {
        "mean": 125.80268714011515,
        "std": 11.810024549839712
      }
    },
    "R-GCN": {
      "auc": {
        "mean": 0.9015041021805843,
        "std": 0.0177068920456796
      },
      "mrr": {
        "mean": 0.20485302610416373,
        "std": 0.03999923697797819
      },
      "hits@1": {
        "mean": 0.11900191938579655,
        "std": 0.057539972175822324
      },
      "hits@10": {
        "mean": 0.3754318618042226,
        "std": 0.0440598343738469
      },
      "mean_rank": {
        "mean": 51.340690978886755,
        "std": 8.902313296263117
      }
    },
    "HGT": {
      "auc": {
        "mean": 0.8408352091246348,
        "std": 0.019206011379326083
      },
      "mrr": {
        "mean": 0.006488672068837059,
        "std": 0.0005721919344863871
      },
      "hits@1": {
        "mean": 0.0,
        "std": 0.0
      },
      "hits@10": {
        "mean": 0.0,
        "std": 0.0
      },
      "mean_rank": {
        "mean": 161.86506717850287,
        "std": 11.86540138575723
      }
    },
    "DistMult": {
      "auc": {
        "mean": 0.4848638378137422,
        "std": 0.03676378588745617
      },
      "mrr": {
        "mean": 0.009273247283358783,
        "std": 0.00016851936925137265
      },
      "hits@1": {
        "mean": 0.0,
        "std": 0.0
      },
      "hits@10": {
        "mean": 0.0,
        "std": 0.0
      },
      "mean_rank": {
        "mean": 114.01976967370442,
        "std": 1.6991057019973412
      }
    },
    "ComplEx": {
      "auc": {
        "mean": 0.5185551372121381,
        "std": 0.03208839933694844
      },
      "mrr": {
        "mean": 0.009329547807113987,
        "std": 0.00029373753729946325
      },
      "hits@1": {
        "mean": 0.0,
        "std": 0.0
      },
      "hits@10": {
        "mean": 0.0,
        "std": 0.0
      },
      "mean_rank": {
        "mean": 113.68119001919385,
        "std": 3.2255204013892067
      }
    },
    "TransE": {
      "auc": {
        "mean": 0.6309659373491845,
        "std": 0.010773150921415637
      },
      "mrr": {
        "mean": 0.013173855180858469,
        "std": 0.0005741275049485141
      },
      "hits@1": {
        "mean": 0.0,
        "std": 0.0
      },
      "hits@10": {
        "mean": 0.0,
        "std": 0.0
      },
      "mean_rank": {
        "mean": 82.06353166986564,
        "std": 3.697778029835502
      }
    }
  },
  "enriched": {
    "GCN": {
      "auc": {
        "mean": 0.7315209382517748,
        "std": 0.08183514156233854
      },
      "mrr": {
        "mean": 0.015709961080661868,
        "std": 0.00208664196756284
      },
      "hits@1": {
        "mean": 0.0005758157389635317,
        "std": 0.0007677543186180422
      },
      "hits@10": {
        "mean": 0.020537428023032628,
        "std": 0.022330962874854487
      },
      "mean_rank": {
        "mean": 123.93262955854127,
        "std": 21.17829354774873
      }
    },
    "GraphSAGE": {
      "auc": {
        "mean": 0.862337856108694,
        "std": 0.016520777421209755
      },
      "mrr": {
        "mean": 0.020948924042337436,
        "std": 0.011476332049684741
      },
      "hits@1": {
        "mean": 0.005566218809980806,
        "std": 0.011132437619961612
      },
      "hits@10": {
        "mean": 0.011132437619961614,
        "std": 0.013347668829722619
      },
      "mean_rank": {
        "mean": 100.96142034548943,
        "std": 6.710292029974941
      }
    },
    "GAT": {
      "auc": {
        "mean": 0.7559874889939251,
        "std": 0.05623547189640266
      },
      "mrr": {
        "mean": 0.0089571015310802,
        "std": 0.001223374819409707
      },
      "hits@1": {
        "mean": 0.0,
        "std": 0.0
      },
      "hits@10": {
        "mean": 0.0,
        "std": 0.0
      },
      "mean_rank": {
        "mean": 136.82053742802302,
        "std": 8.969631289058968
      }
    },
    "R-GCN": {
      "auc": {
        "mean": 0.8895008491716432,
        "std": 0.008373332319078938
      },
      "mrr": {
        "mean": 0.22391699800741233,
        "std": 0.054630637434845426
      },
      "hits@1": {
        "mean": 0.1362763915547025,
        "std": 0.07865033151101457
      },
      "hits@10": {
        "mean": 0.3752399232245681,
        "std": 0.05556613593488462
      },
      "mean_rank": {
        "mean": 49.88982725527831,
        "std": 7.209655437257565
      }
    },
    "HGT": {
      "auc": {
        "mean": 0.8541688617415939,
        "std": 0.016703617632988933
      },
      "mrr": {
        "mean": 0.0064945049354127055,
        "std": 0.0003185879436171503
      },
      "hits@1": {
        "mean": 0.0,
        "std": 0.0
      },
      "hits@10": {
        "mean": 0.0,
        "std": 0.0
      },
      "mean_rank": {
        "mean": 162.95950095969292,
        "std": 7.010629742084655
      }
    },
    "DistMult": {
      "auc": {
        "mean": 0.4848638378137422,
        "std": 0.03676378588745617
      },
      "mrr": {
        "mean": 0.009273247283358783,
        "std": 0.00016851936925137265
      },
      "hits@1": {
        "mean": 0.0,
        "std": 0.0
      },
      "hits@10": {
        "mean": 0.0,
        "std": 0.0
      },
      "mean_rank": {
        "mean": 114.01976967370442,
        "std": 1.6991057019973412
      }
    },
    "ComplEx": {
      "auc": {
        "mean": 0.5185551372121381,
        "std": 0.03208839933694844
      },
      "mrr": {
        "mean": 0.009329547807113987,
        "std": 0.00029373753729946325
      },
      "hits@1": {
        "mean": 0.0,
        "std": 0.0
      },
      "hits@10": {
        "mean": 0.0,
        "std": 0.0
      },
      "mean_rank": {
        "mean": 113.68119001919385,
        "std": 3.2255204013892067
      }
    },
    "TransE": {
      "auc": {
        "mean": 0.6309659373491845,
        "std": 0.010773150921415637
      },
      "mrr": {
        "mean": 0.013173855180858469,
        "std": 0.0005741275049485141
      },
      "hits@1": {
        "mean": 0.0,
        "std": 0.0
      },
      "hits@10": {
        "mean": 0.0,
        "std": 0.0
      },
      "mean_rank": {
        "mean": 82.06353166986564,
        "std": 3.697778029835502
      }
    }
  }
}