{
  "GCN": {
    "val_auc": 0.978192691501441,
    "test_metrics": {
      "auc": 0.9204118021964257,
      "ap": 0.930101900259173
    },
    "ranking_metrics": {
      "mrr": 0.023549114563649085,
      "hits@1": 0.0,
      "hits@3": 0.0,
      "hits@10": 0.0,
      "mean_rank": 82.30614203454894,
      "p_value": 2.8429429974693753e-18,
      "num_test_pairs": 1042,
      "num_antibiotics_ranked": 231
    },
    "time": 5.574534893035889
  },
  "GraphSAGE": {
    "val_auc": 0.9114551489213032,
    "test_metrics": {
      "auc": 0.7915426372581886,
      "ap": 0.7377759900948344
    },
    "ranking_metrics": {
      "mrr": 0.07082926422302657,
      "hits@1": 0.06429942418426103,
      "hits@3": 0.06429942418426103,
      "hits@10": 0.06429942418426103,
      "mean_rank": 157.43282149712093,
      "p_value": 1.0,
      "num_test_pairs": 1042,
      "num_antibiotics_ranked": 231
    },
    "time": 1.3640339374542236
  },
  "GAT": {
    "val_auc": 0.9937467246047689,
    "test_metrics": {
      "auc": 0.9708771887813559,
      "ap": 0.9344249760413149
    },
    "ranking_metrics": {
      "mrr": 0.6455166909003031,
      "hits@1": 0.6132437619961613,
      "hits@3": 0.6285988483685221,
      "hits@10": 0.7783109404990403,
      "mean_rank": 12.064299424184261,
      "p_value": 2.7335981734660466e-163,
      "num_test_pairs": 1042,
      "num_antibiotics_ranked": 231
    },
    "time": 2.8008322715759277
  },
  "R-GCN": {
    "val_auc": 0.908043278888986,
    "test_metrics": {
      "auc": 0.8221118954026843,
      "ap": 0.8858543593755853
    },
    "ranking_metrics": {
      "mrr": 0.1290201353349179,
      "hits@1": 0.003838771593090211,
      "hits@3": 0.34644913627639157,
      "hits@10": 0.3598848368522073,
      "mean_rank": 64.40403071017275,
      "p_value": 1.9118058524058136e-59,
      "num_test_pairs": 1042,
      "num_antibiotics_ranked": 231
    },
    "time": 1.3973169326782227
  },
  "HGT": {
    "val_auc": 0.9827113721722421,
    "test_metrics": {
      "auc": 0.7924157551733158,
      "ap": 0.7285571796240096
    },
    "ranking_metrics": {
      "mrr": 0.014457754992856535,
      "hits@1": 0.0,
      "hits@3": 0.0009596928982725527,
      "hits@10": 0.013435700575815739,
      "mean_rank": 165.00479846449136,
      "p_value": 1.0,
      "num_test_pairs": 1042,
      "num_antibiotics_ranked": 231
    },
    "time": 9.176422595977783
  },
  "DistMult": {
    "val_auc": 0.47138464603895536,
    "test_metrics": {
      "auc": 0.48872130591915003,
      "ap": 0.4835493326573025
    },
    "ranking_metrics": {
      "mrr": 0.01742055403808629,
      "hits@1": 0.0,
      "hits@3": 0.0067178502879078695,
      "hits@10": 0.02399232245681382,
      "mean_rank": 105.75815738963531,
      "p_value": 0.7968339627304007,
      "num_test_pairs": 1042,
      "num_antibiotics_ranked": 231
    },
    "time": 0.41631507873535156
  }
}