{
  "GCN": {
    "val_auc": 0.9972077255655515,
    "test_metrics": {
      "auc": 0.9641054593815968,
      "ap": 0.9731770286829786
    },
    "time": 3.9522221088409424
  },
  "GraphSAGE": {
    "val_auc": 0.901667858546598,
    "test_metrics": {
      "auc": 0.7811048257264009,
      "ap": 0.873015843808031
    },
    "time": 1.4654591083526611
  },
  "GAT": {
    "val_auc": 0.9964844091187003,
    "test_metrics": {
      "auc": 0.9757194012695207,
      "ap": 0.9600800796407959
    },
    "time": 4.44467568397522
  },
  "R-GCN": {
    "val_auc": 0.8907062025067692,
    "test_metrics": {
      "auc": 0.8024170077475399,
      "ap": 0.8803386042807613
    },
    "time": 3.99129319190979
  }
}